id,type,is_extinct,is_multiple,name_en,name_ru,custom_title_en,custom_title_ru,aliases_en,aliases_ru,family_id,iso_639_3,glottocode,wals_code,grambank_code,phoible_code,latitude,longitude,main_country_id,encyclopedia_volume_id,page,has_feature_profile,comment_en,comment_ru
aragonese,language/dialect,0,0,Aragonese,арагонский,,,"Aragon dialect, Pyrenean Roman","арагонский диалект, пиренейский романский",ibero_rom,arg,arag1245,,,arag1245,42.2935,-0.4394,esp,11,550,1,,
aromanian,language/dialect,0,0,Aromanian,арумынский,,,"Macedo-Romanian, Vlach","аромунский, македо-румынский",east_rom,rup,arom1237,,arom1237,,40.62,21.2,grc,11,636,1,,
asturian,language,0,0,Asturian,астурийский,,,"Asturo-Leonian, Bable","астуро-леонский, бабле",ibero_rom,ast,astu1245,ast,,astu1245,42.7954,-5.6689,esp,11,535,1,,
catalan,language,0,0,Catalan,каталонский,,,,каталонский,occit_rom,cat,stan1289,ctl,stan1289,stan1289,41.6666,2,esp,11,492,1,,
corsican,language/dialect,0,0,Corsican,корсиканский,,,,корсиканский диалект,italo_rom,cos,cors1241,,cors1241,,41.7,9.26,fra,11,146,1,,
dalmatian,language,1,0,Dalmatian,далматинский,,,,далматский,rhaet_rom,dlm,dalm1243,,,,45.0599,14.5719,hrv,11,681,1,,
franco_provencal,language,0,0,Franco-Provençal,франкопровансальский,,,"Francoprovençal, Arpitan, Romand","ронский, лионский, бургундский",gallo_rom,frp,fran1260,,,,45.81,6.48,ita,11,304,1,,
french,language,0,0,French,французский,,,,,gallo_rom,fra,stan1290,fre,stan1290,stan1290,48.8839,2.3678,fra,11,194,1,,
friulian,language,0,0,Friulian,фриульский,,,"Friulan, Eastern Ladin",ретороманский восточный,rhaet_rom,fur,friu1240,,,friu1240,46.1037,13.1396,ita,11,365,1,,
galician,language,0,0,Galician,галисийский,,,,галисийско-португальский,ibero_rom,glg,gali1258,glc,gali1258,gali1258,42.8667,-8.55,esp,11,517,1,,
gascon,language/dialect,0,0,Gascon,гасконский,,,,"гасконский диалект, аранский",occit_rom,,gasc1240,,,,43.3,-0.38,fra,11,321,1,,
istriot,language/dialect,0,0,Istro-Roman,истророманский,,,,"истророманский диалект, истриотский",italo_rom,ist,istr1244,,,,45.09,13.64,hrv,11,187,1,,
istro_romanian,language/dialect,0,0,Istro-Rumanian,истрорумынский,,,,"истрорумынский диалект, истрийский, истртотский, влашский, чириберчинский, чичеранский",east_rom,ruo,istr1245,,,,45.43,14.2,hrv,11,656,1,,
italian,language,0,0,Italian,итальянский,,,Volgare,вольгаре,italo_rom,ita,ital1282,ita,ital1282,ital1282,41.9,12.5,ita,11,56,1,,
judeo_spanish,language,0,0,Judeo-Spanish,сефардский,,,,"сефардский, джудезмо, джудио, хакетия, хакития, эспаньол, эспаньолит, ладино",ibero_rom,lad,ladi1251,lno,,ladi1251,41.2,28.66,tur,11,557,1,,
ladin,language,0,0,Ladin,ладинский,,,,"центральноладинский, селанский, тирольский ладинский, атезинский, доломитский ладинский",rhaet_rom,lld,ladi1250,ldn,,,46.0666,11.1166,ita,11,392,1,,
megleno_romanian,language/dialect,0,0,Megleno-Romanian,мегленорумынский,,,,"мегленорумынский диалект, мегленский, мегленитский, мегленовлашский",east_rom,ruq,megl1237,,,,41.12,22.38,grc,11,671,1,,
occitan,language,0,0,Occitan,окситанский,,,"lenga d'oc, provençal","провансальский, лимузенский, язык ок, романский, язык трубадуров",occit_rom,oci,occi1239,pro,occi1239,occi1239,41.3833,2.1833,esp,11,278,1,,
old_french,language,1,0,Old French,старофранцузский,,,,романский,gallo_rom,fro,oldf1239,,,,48.8666,2,fra,11,250,1,,
portuguese,language,0,0,Portuguese,португальский,,,,,ibero_rom,por,port1283,por,port1283,port1283,38.7666,-9.1833,prt,11,462,1,,
rhaeto_romance,language,0,0,Romansch,ретороманский,,,"Rhaetian, Romansh","руманишский, ладинский, альпийский романский, ретофриульский, курский, хурвальский, романшский, ромоншский, ретийский, западный ретороманский, граубюнденский ретороманский",rhaet_rom,roh,roma1326,rsu,roma1326,roma1326,46.55,9.93,che,11,335,1,,
romanian,language,0,0,Romanian,румынский,,,"Rumanian, Roumanian",дакорумынский,east_rom,ron,roma1327,rom,,roma1327,44.04,26.0833,rou,11,574,1,,
sardinian,language,0,0,Sardinian,сардинский,,,Sard,сардский,italo_rom,srd,sard1257,srd,,,39.2166,9.1166,ita,11,160,1,,
spanish,language,0,0,Spanish,испанский,,,Castilian,кастильский,ibero_rom,spa,stan1288,spc,,stan1288,40.4333,-3.7,esp,11,411,1,,
enets,language,0,0,Enets,энецкий,,,"Yeniseian samoyed, Madu","енисейских самоедов, маду",north_samo,"enf, enh",enet1250,ene,,,70.9596,84.2651,rus,1,343,1,,
erzya,language,0,0,Erzya,эрзянский,,,Erzian,эрзя-мордовский,mordv,myv,erzy1239,moe,erzy1239,erzy1239,54.1302,45.4394,rus,1,190,1,,
estonian,language,0,0,Estonian,эстонский,,,,,finn,est,esto1258,est,esto1258,esto1258,59.4333,24.75,est,1,115,1,,
finnish,language,0,0,Finnish,финский,,,Suomi,финский-суоми,finn,fin,finn1318,fin,finn1318,finn1318,60.1733,24.9486,fin,1,90,1,,
hungarian,language,0,0,Hungarian,венгерский,,,,мадьярский,ugric,hun,hung1274,hun,hung1274,hung1274,47.5167,19.0833,hun,1,256,1,,
ingrian,language,0,0,Ingrian,ижорский,,,Karelian,карельский,finn,izh,ingr1248,izh,ingr1248,,59.8397,28.7017,rus,1,55,1,,
kamassian,language,1,0,Kamas,камасинский,,,,,south_samo,xas,kama1351,kms,,kama1351,57.9964,92.8784,rus,1,380,1,,
karelian,language,0,0,Karelian,карельский,,,,,finn,krl,kare1335,krl,,kare1335,63.0474,33.4616,rus,1,63,1,,
khanty,language,0,0,Khanty,хантыйский,,,OSTYAK,остяцкий,ob_ugric,kca,khan1273,kty,,khan1273,63.7047,66.676,rus,1,301,1,,
komi_permyak,language,0,0,Komi-Permyak,коми-пермяцкий,,,,пермяцкий,permic,koi,komi1269,kop,komi1269,komi1269,59.204,54.5361,rus,1,229,1,,
komi_zyrian,language,0,0,Komi-Zyrian,коми-зырянский,,,"Zyrian, Zyryan",,permic,kpv,komi1268,yzv,komi1268,komi1268,61.6666,50.8166,rus,1,214,1,,
livonian,language,1,0,Livonian,ливский,,,,ливонский,finn,liv,livv1244,liv,livv1244,livv1244,57.6101,22.2802,ltu,1,76,1,,
mansi,language,0,0,Mansi,мансийский,,,Vogul,вогульский,ob_ugric,mns,mans1258,mns,,mans1258,58.6109,65.9375,rus,1,283,1,,
mari,language,0,0,Mari,марийский,,,,"мари, черемисский",mari,mhr,east2328,mme,,east2328,56.6333,47.8666,rus,1,148,1,,
moksha,language,0,0,Moksha,мокшанский,,,,мокша-мордовский,mordv,mdf,moks1248,mmo,moks1248,moks1248,54.1817,43.2751,rus,1,178,1,,
nenets,language,0,0,Nenets,ненецкий,,,,юрако-самоедский,north_samo,yrk,nene1249,ntu,nene1249,nene1249,67.6411,53.0447,rus,1,326,1,,
nganasan,language,0,0,Nganasan,нганасанский,,,,тавгийский,north_samo,nio,ngan1291,nga,ngan1291,ngan1291,72.816,91.582,rus,1,349,1,,
selkup,language,0,0,Selkup,селькупский,,,,"остяко-самоедский, остяцкий, нарымских остяков, томских остяков",south_samo,sel,selk1253,skp,,selk1253,65.7035,82.4441,rus,1,356,1,,
udmurt,language,0,0,Udmurt,удмуртский,,,Votyak,"вотскиий, вотяцкий",permic,udm,udmu1245,udm,,udmu1245,56.8498,53.2184,rus,1,239,1,,
veps,language,0,0,Veps,вепсский,,,Vepsian,,finn,vep,veps1250,vep,veps1250,veps1250,60.3269,34.8046,rus,1,36,1,,
votic,language,0,0,Votic,водский,,,,,finn,vot,voti1245,vot,voti1245,voti1245,59.5858,28.4518,rus,1,48,1,,
alabugat_tatar,language,0,0,Alabugat Tatar (Nogai),алабугатских татар (ногайцев),,,Nogai,"ногайский, кочующих алабугатских татар",kipchak_nogai,,alab1256,tlb,,,43.59,46.66,rus,2,172,1,,
altai,language,0,0,Altai,алтайский,,,,,kyrg_kipchak,"atv, alt","nort2686, sout2694",aso,,nort2686,51.95,85.9666,rus,2,179,1,,
astrakhan_karagash_nogai,language,0,0,Astrakhan Karagash Nogai,астраханских ногайцев-карагашей,,,Karagash,карагашский,kipchak_nogai,,,nok,,,47.2643,47.2412,rus,2,187,1,,
azerbaijani,language,0,0,Azerbaijani,азербайджанский,,,,,oghuz_turk,aze,"nort2697, sout2697",aze,nort2697,"nort2697, sout2697",40.3833,49.9833,aze,2,160,1,,
bashkir,language,0,0,Bashkir,башкирский,,,,,kipchak_bulgar,bak,bash1264,bsk,bash1264,bash1264,54.7333,55.9666,rus,2,206,1,,
bulgar,language,1,0,Bolgarian,булгарский,,,"Danube Bulgar, Kuban Bulgar, Volga Bulgar, Protobulgar, Old Bulgar, Middle Bulgar, Hunnic Bulgar","дунайско-булгарский, кубанско-булгарский, волжско-булгарский, протобулгарский, древнебулгарский, среднебулгарский, гунно-булгарский, эпитафий волжских булгар, памятников ii стиля",oghur,xbo,bolg1250,,,,45.189,36.825,rus,2,47,1,,
chagatai,language,1,0,Chagatai,чагатайский,,,,"джагатайский, чагатайский тюрки, среднеазиатско-турецкий, тюркский средневековый среднеазиат.литературный, староузбекский",karluk,chg,chag1247,,,,37.6,61.8333,tkm,2,148,1,,
chuvash,language,0,0,Chuvash,чувашский,,,,,oghur,chv,chuv1255,chv,chuv1255,chuv1255,56.1333,47.25,rus,2,480,1,,
crimean_tatar,language,0,0,Crimean Tatar,крымскотатарский,,,"Crimeatatar, Crimean","крымский, крымских татар, крымских тюрок",kipchak_cuman,crh,crim1257,cri,crim1257,,43.9414,28.3062,rou,2,298,1,,
dolgan,language,0,0,Dolgan,долганский,,,,"донготский, эдянский",yakut_turk,dlg,dolg1241,dol,,dolg1241,71.3851,97.3388,rus,2,235,1,,
gagauz,language,0,0,Gagauz,гагаузский,,,,,oghuz_turk,gag,gaga1249,gag,gaga1249,gaga1249,46.3003,28.6572,mda,2,224,1,,
karachay_balkar,language,0,0,Karachay-Balkar,карачаево-балкарский,,,,"горско-тюркский, татарско-джагатайский, горско-татарский, горский язык болкар, карачаевский, болкарский",kipchak_cuman,krc,kara1465,krc,,,44.2137,42.8466,rus,2,272,1,,
karaim,language,0,0,Karaim,караимский,,,,,kipchak_cuman,kdr,kara1464,krm,,kara1464,50.7538,25.3351,ukr,2,254,1,,
karakalpak,language,0,0,Kara-Kalpak,каракалпакский,,,,,kipchak_nogai,kaa,kara1467,kkp,,kara1467,42.45,59.6022,uzb,2,264,1,,
karakhanid_uighur,language,1,0,Karakhanid Uighur,караханидско-уйгурский,,,,"восточный тюркский, огузо-кыпчакский, уйгуро-кыпчакский, карлукско-хорезмский, карлукско-уйгурский, караханидо-кашгарский, старотюркский",karluk,,,,,,39.27,75.59,chn,2,64,1,,
kazakh,language,0,0,Kazakh,казахский,,,"Kazak, Kazakstani, Qazaqsha","киргизский, киргиз-кайсацкий, казак-киргизский",kipchak_nogai,kaz,kaza1248,kaz,,,51.1833,71.4,kaz,2,242,1,,
khakas,language,0,0,Khakas,хакасский,,,,"абаканских татар, минусинских татар, абаканских тюрок, енисейских тюрок",khak_turk,kjh,khak1248,khk,khak1248,khak1248,53.7166,91.4166,rus,2,458,1,,
khwarezmian_turkic,language,1,0,Khwarezmian Turkic,хорезмско-тюркский,,,,"карлукско-хорезмийский, восточнотюркский, среднетюркский, огузо-кыпчакский, золотоордынский, хорезмско-золотоордынский",karluk,zkh,,,,,47.161,47.5646,rus,2,139,1,,
kumyk,language,0,0,Kumyk,кумыкский,,,,,kipchak_cuman,kum,kumy1244,kuq,,kumy1244,43.397,46.9775,rus,2,318,1,,
kyrgyz,language,0,0,Kirghiz,киргизский,,,"Kirghiz, Kirgiz, Qirgiz","бурутский, кара-киргизский, дикокаменных киргизов язык",kyrg_kipchak,kir,kirg1245,kgz,,kirg1245,42.8666,74.5666,kgz,2,286,1,,
nogai,language,0,0,Nogai,ногайский,,,,,kipchak_nogai,nog,noga1249,yta,,,43.5917,46.6618,rus,2,328,1,,
oghuz_x_xi,language,1,0,Oghuz of X-XI centuries,огузский X-XI веков,,,,"древнеогузский, древнесельджукский, огузо-туркменский",oghuz_turk,,,,,,45.7666,62.1166,kaz,2,81,1,,
old_anatolian_turkic,language,1,0,Old Anatolian Turkic,староанатолийско-тюркский,,,,,oghuz_turk,,,,,,41.01,29.9603,tur,2,116,1,,
old_uighur,language,1,0,Old Uighur,древнеуйгурский,,,Uyghur,"уйгурский, восточно-туркестанский, уйгурских раннесредневековых текстов",karluk,oui,oldu1238,,,,47.4311,102.6594,mng,2,54,1,,
orkhon_yenisei_inscriptions,language,1,0,Orkhon-Yenisei inscriptions,орхоно-енисейских надписей,,,,тюркских рунических памятников,old_turk,,,,,,47.2833,102.5605,mng,2,89,1,,
polovets,language,1,0,Polovets,половецкий,,,,"кыпчакский, плавецкий, флавенский, фолонский, хардешский, кунский, куманский, татарский",kipchak_cuman,qwm,,,,,46.9069,19.6933,hun,2,110,1,,
salar,language,0,0,Salar,саларский,,,,"салар, салгур",karluk,slr,sala1264,slr,,sala1264,36.2752,102.4584,chn,2,335,1,,
saryg_yugur,language,0,0,Western Yugur,сарыг-югурский,,,,,khak_turk,ybe,west2402,syg,,,35.889,119.3554,chn,2,345,1,,
shor,language,0,0,Shor,шорский,,,,,khak_turk,cjs,shor1247,shr,shor1247,,53.0544,87.7478,rus,2,497,1,,
tatar,language,0,0,Tatar,татарский,,,,,kipchak_bulgar,tat,tata1255,tvo,tata1255,tata1255,55.7833,49.1166,rus,2,357,1,,
tofalar,language,0,0,Tofa,тофаларский,,,"Tofa, Karagas",офский,sayan_turk,kim,kara1462,tof,,kara1462,53.7324,98.2589,rus,2,372,1,,
turki,language,1,0,Turki,тюрки,,,Chagatai,"среднеазиатско-турецкий, средневековый среднеазиатский тюркский литерат., чагатайский, джагатайский, новочагатайский, староузбекский, новоузбекский, хорезмско-тюркский, кыпчакско-огузский, огузско-кыпчакский, тюркский письменный, старотюркский, урало-поволжский тюркский письм.-литературный, старотатарский литературный, тюрко-татарский",karluk,,,,,,37.7108,68.8311,tjk,2,126,1,,
turkish,language,0,0,Turkish,турецкий,,,"Istanbul Turkish, Turkey Turkish","османский, османо-турецкий",oghuz_turk,tur,nucl1301,tur,nucl1301,nucl1301,39.8666,32.8666,tur,2,394,1,,
turkmen,language,0,0,Turkmen,туркменский,,,,трухменский,oghuz_turk,tuk,turk1304,tkm,turk1304,turk1304,37.95,58.3833,tjk,2,412,1,,
tuvan,language,0,0,Tuvan,тувинский,,,"Tuvinian, Tyvan, Tuvin","урянхайский, сойотский, сойонский, танну-тувинский",sayan_turk,tyv,tuvi1240,tuv,tuvi1240,tuvi1240,51.7166,94.45,rus,2,384,1,,
uighur,language,0,0,Uighur,уйгурский,,,"Uighur, Eastern Turki","новоуйгурский, современный уйгурский",karluk,uig,uigh1240,uyg,,uigh1240,43.8,87.5833,chn,2,437,1,,
uzbek,language,0,0,Uzbek,узбекский,,,,"чагатайский, сартовский",karluk,uzb,uzbe1247,uzb,,,41.3,69.2666,uzb,2,426,1,,
yakut,language,0,0,Yakut,якутский,,,"Yakutian, Sakha, Saqa, Saxa",саха тыла,yakut_turk,sah,yaku1245,ykt,yaku1245,yaku1245,62.0333,129.7333,rus,2,513,1,,
buryat,language,0,0,Buryat,бурятский,,,"Buriat, Buryat-Mongolian",бурят-монгольский,mongol,bua,buri1258,,,,51.8333,107.6167,rus,3,37,1,,
dagur,language,0,0,Dagur,дагурский,,,Daghur,дахурский,mongol,dta,daur1238,dgr,daur1238,daur1238,47.9163,124.1235,chn,3,51,1,,
even,language,0,0,Even,эвенский,,,"Lamut, Ewen, Eben, Orich, Ilqan",,north_tung,eve,even1260,evn,,even1260,67.6593,134.6594,rus,3,284,1,,
evenki,language,0,0,Evenki,эвенкийский,,,"Tungus, Solon","тунгусский, собственно-тунгусский, орочонский",north_tung,evn,even1259,sol,,even1259,51.9833,116.5833,rus,3,267,1,,
japanese,language,0,0,Japanese,японский,,,,,japon,jpn,nucl1643,jpn,nucl1643,nucl1643,35.6833,139.6833,jpn,3,324,1,,
kalmyk,language,0,0,Kalmyk,калмыцкий,,,,"ойрат-калмыцкий, монгольско-калмыцкий, поволжских (приволжских) ойратов язык",mongol,,kalm1244,kmk,,,46.2026,45.8239,rus,3,73,1,,
korean,language,0,0,Korean,корейский,,,,,isolate,kor,kore1280,kor,kore1280,kore1280,36.9923,127.0548,kor,3,361,1,,
manchu,language,0,0,Manchu,маньчжурский,,,,манджурский,south_tung,mnc,manc1252,mnc,,manc1252,48.0083,124.3542,chn,3,162,1,,
moghol,language,1,0,Moghol,могольский,,,Mogholi,афгано-могольский,mongol,mhj,mogh1245,mog,,mogh1245,34.3569,61.5875,afg,3,91,1,,
mongolian,language,0,0,Mongolian,монгольский,,,,халха-монгольский,mongol,mon,mong1331,,,mong1331,47.9166,106.9166,mng,3,108,1,,
mongols_of_inner_mongolia,language,0,0,Mongols of Inner Mongolia,монголов Внутренней Монголии,,,,"восточномонгольский, внутреннемонгольский",mongol,,,,,,40.8166,111.65,chn,3,98,1,,
monguor,language,0,0,Monguor,монгорский,,,,"широнгол-монгольский, монголов западного ганьсу монгорский диалект",mongol,mjg,huzh1238,,,,36.4919,102.6452,chn,3,124,1,,
nanai,language,0,0,Nanai,нанайский,,,,гольдский,south_east_tung,gld,nana1257,nai,nana1257,nana1257,48.4767,135.094,rus,3,173,1,,
negidal,language,0,0,Negidal,негидальский,,,,,north_tung,neg,negi1245,neg,negi1245,,52.942,139.779,rus,3,188,1,,
oirat,language,0,0,Oirat,ойратский,,,,старокалмыцкий,mongol,xal,oira1262,oir,,,49.1675,87.812,chn,3,132,1,,
old_japanese,language,1,0,Old Japanese,старояпонский,,,,"классический японский, хэйбаи эпохи язык, бунго (=старописьменный японский)",japon,ojp,oldj1239,,,,35.0166,135.75,jpn,3,305,1,,
oroch,language,0,0,Oroch,орочский,,,,,south_east_tung,oac,oroc1248,orc,oroc1248,,49.1781,139.7625,rus,3,215,1,,
orok,language,0,0,Orok,орокский,,,,"ороцко, орунчун, голунчун, элунчун, ороньчо, орокко, орокхо, ороко, оронта, олочи, ульча, орныр, тозунг, тазунг, орочанский, ульчан, ульчар, нани",south_east_tung,oaa,orok1265,ork,orok1265,,52.3437,143.0557,rus,3,201,1,,
pao_an,language,0,0,Pao-an,баоаньский,,,,,mongol,peh,bona1250,bao,bona1250,bona1250,35.7102,102.8889,chn,3,29,1,,
santa,language,0,0,Dongxiang,дунсянский,,,,"санта, саньта",mongol,sce,dong1285,sta,dong1285,dong1285,36.0333,103.8,chn,3,60,1,,
issyk_kul_kalmyk,language,0,0,Issyk-kul Kalmyk,иссык-кульских калмыков,,,,"кара-калмак, сарт-калмак, язык каракольских калмыков, язык иссык-кульских сарт-калмаков, язык иссык-кульских калмыков",mongol,,sart1247,kiq,,,42.42,78.33,kgz,3,67,1,,
kidan,language,1,0,Kidan,киданьский,,,,,mongol,zkt,kita1247,,,,44.38,115.99,chn,3,87,1,,
shira_yugur,language,0,0,East Yugur,шира югуров,,,,шираюгурский,mongol,yuy,east2337,shy,,east2337,39.1002,99.2065,chn,3,148,1,,
solon,language,0,0,Solon,солонский,,,,,north_tung,,solo1263,sol,,,48.166,119.4873,chn,3,226,1,,
udihe,language,0,0,Udihe,удэгейский,,,"Udihe, Udekhe, Udeghe",,south_east_tung,ude,udih1248,udh,udih1248,udih1248,47.6209,136.0903,rus,3,236,1,,
ulch,language,0,0,Ulch,ульчский,,,Olcha,,south_east_tung,ulc,ulch1241,ulc,ulch1241,,52.0457,140.4162,rus,3,248,1,,
written_mongolian,language,1,0,Written Mongolian,старописьменный монгольский,,,,"монгольский письменный, монгольский",mongol,xng,midd1351,,,,48.2,110.006,chn,3,18,1,,
belorussian,language,0,0,Belarusian,белорусский,,,"Byelorussian, Belorussian, White Ruthenian, White Russian","кривский, кривичанский, великолитовский, старобелорусский, украинско-белорусский деловой, староукраинский, западнорусский, польско-русский, литовско-русский",east_slav,bel,bela1254,blr,bela1254,,53.9166,27.55,blr,13,576,1,,
bulgarian,language,0,0,Bulgarian,болгарский,,,,,south_east_slav,bul,bulg1262,bul,,bulg1262,42.7,23.3333,bgr,13,76,1,,
czech,language,0,0,Czech,чешский,,,,,czech_slovak,ces,czec1258,cze,czec1258,czec1258,50.0886,14.4213,cze,13,250,1,,
kashubian,language,0,0,Kashubian,кашубский,,,Cassubian,"кашубско-словинский, поморский, кашебский",lechit,csb,kash1274,svc,,,54.2267,18.1713,pol,13,410,1,,
macedonian,language,0,0,Macedonian,македонский,,,,,south_east_slav,mkd,mace1250,mcd,mace1250,mace1250,41.9833,21.4333,mkd,13,114,1,,
old_church_slavonic,language,1,0,Old Church Slavonic,старославянский,,,"Old Slavonic, Old Church Slavic, Old Slavic, Pal(a)eo-Slavic","церковнославянский, древнецерковнославянский, староцерковнославянский",south_east_slav,chu,chur1257,,,,41.1391,22.5025,mkd,13,36,1,,
old_russian,language,1,0,Old Russian,древнерусский,,,"Old East Slavic, (Old) Ruthenian, Rusian",,east_slav,orv,oldr1238,,,,50.4438,30.5784,ukr,13,449,1,,
polabian,language,1,0,Polabian,полабский,,,,"древянский, древяно-полабский, залабский, вендский, люнебургско-вендский",lechit,pox,pola1255,plb,,,52.9666,11.15,deu,13,433,1,,
polish,language,0,0,Polish,польский,,,,,lechit,pol,poli1260,pol,poli1260,poli1260,52.2166,21.0333,pol,13,373,1,,
russian,language,0,0,Russian,русский,,,,великорусский,east_slav,rus,russ1263,rus,russ1263,russ1263,55.7558,37.6176,rus,13,476,1,,
serbocroatian,language,0,0,Serbocroatian,сербохорватский,,,"Serbo-Croat, Serbo-Croat-Bosnian (SCB), Bosnian-Croatian-Serbian (BCS), Bosnian-Croatian-Montenegrin-Serbian (BCMS)","сербский, хорватский, боснийский",south_west_slav,hbs,sout1528,scr,sout1528,,44.8205,20.4622,srb,13,151,1,,
slovak,language,0,0,Slovak,словацкий,,,Slovakian,венгерословенский,czech_slovak,slk,slov1269,svk,,slov1269,48.1447,17.1127,svk,13,293,1,,
slovene,language,0,0,Slovene,словенский,,,Slovenian,"краинский (крайнский), виндский, карниольский, карнийский, хорутанский, хорутанско-словенский, крайно-словенский, словинский",south_west_slav,slv,slov1268,slo,slov1268,slov1268,46.05,14.5166,svn,13,212,1,,
sorbian,language,0,0,Sorbian,серболужицкий,,,"Wendish, Lusatian","верхнелужицкий, нижнелужицкий",sorb,"dsb, hsb",sorb1249,srb,,,51.5001,14.7444,deu,13,329,1,,
ukrainian,language,0,0,Ukrainian,украинский,,,,"русский, малорусский, малоросийский, южнорусский",east_slav,ukr,ukra1253,ukr,ukra1253,ukra1253,50.45,30.5,ukr,13,541,1,,
latvian,language,0,0,Latvian,латышский,,,,,balt,lav,latv1249,lat,latv1249,,56.9421,24.162,lva,14,155,1,,
lithuanian,language,0,0,Lithuanian,литовский,,,,,balt,lit,lith1251,lit,lith1251,lith1251,54.6775,25.3382,ltu,14,93,1,,
prussian,language,1,0,Prussian,прусский,,,,древнепрусский,balt,prg,prus1238,,,,54.7319,20.4971,rus,14,50,1,,
akkadian,language,1,0,Akkadian,аккадский,,,Assyro-Babylonian,"вавилоно-ассирийский, ассиро-вавилонский",east_sem,akk,akka1240,,akka1240,,33.1,44.1,irq,15,113,1,,
ancient_hebrew,language,1,0,Ancient Hebrew,древнееврейский,,,,"еврейский, иврит, ханаанский, иудейский",canaan,hbo,anci1244,,anci1244,,31.7833,35.2333,isr,15,296,1,,
classical_mandaic,language,1,0,Classical Mandaic,классический мандейский,,,Mandaic,мандейский,aram,myz,clas1253,,,,33.0479,44.3137,irq,15,626,1,,
classical_syriac,language,1,0,Classical Syriac,классический сирийский,,,"Syriac, Syrian/Syriac Aramaic, Syro-Aramaic","сирийский, сирский",aram,syc,clas1252,,,,36,43.3,irq,15,562,1,,
jewish_palestinian_aramaic,language,1,0,Jewish Palestinian Aramaic,иудейско-палестинский арамейский,,,,палестинский иудейско-арамейский язык,aram,jpa,pale1261,,,,31.6253,35.1453,isr,15,531,1,,
modern_hebrew,language,0,0,Modern Hebrew,современный иврит,,,,"иврит, иврит современный",canaan,heb,hebr1245,heb,hebr1245,hebr1245,31.775,35.2884,isr,15,375,1,,
neo_aramaic_of_maalula,language,0,0,Neo-Aramaic of Maalula,маалулы,,,Siryon,"""язык христа""",neo_aram,amw,west2763,,west2763,,33.8358,36.6016,syr,15,705,1,,
neo_mandaic,language,0,0,Neo-Mandaic,новомандейский,,,Modern Mandaic,,neo_aram,mid,nucl1706,mma,nucl1706,,35.6892,51.3889,irn,15,693,1,,
official_aramaic,language,1,0,Official Aramaic,имперский арамейский,,,Imperial Aramaic,,aram,oar,olda1245,,,,32.5364,44.4208,irq,15,496,1,,
phoenician,language,1,0,Phoenician,финикийский,,,,,canaan,phn,phoe1239,,phoe1239,,32,35,isr,15,278,1,,
turoyo,language,0,0,Turoyo,туройо,,,Surayt,,neo_aram,tru,turo1239,,,,37.4,41.4833,tur,15,751,1,,
ugaritic,language,1,0,Ugaritic,угаритский,,,,,north_sem,uga,ugar1238,,ugar1238,,35.6003,35.7987,syr,15,205,1,,
afrikaans,language,0,0,Afrikaans,африкаанс,,,"Boer, Cape-Dutch, Boer-Dutch, Vulgar Dutch","бурский, капско-голландский, бурско-голландский, вульгарный голландский",south_germ,afr,afri1274,afr,,afri1274,-25.7256,28.2438,zaf,10,87,1,,
danish,language,0,0,Danish,датский,,,,язык датчан,north_germ,"dan, jut","dani1285, juti1236",dsh,dani1285,dani1285,55.6869,12.5833,dnk,10,127,1,,
dutch,language,0,0,Dutch,нидерландский,,,,"голландский, фламандский, нижненемецкий, брабантский",south_germ,nld,dutc1256,dut,dutc1256,dutc1256,52.3833,4.9,nld,10,272,1,,
english,language,0,0,English,английский,,,,,anglo_fris,eng,stan1293,eng,stan1293,stan1293,51.5,0,gbr,10,43,1,,
faroese,language,0,0,Faroese,фарерский,,,,фарейский,north_germ,fao,faro1244,far,faro1244,faro1244,62,-6.7833,dnk,10,328,1,,
frisian,language,0,0,Frisian,фризский,,,,,anglo_fris,"fry, frr, stq","west2354, nort2626, sate1242","fri, frw, fno",west2354,"west2354, nort2626",53.0333,6.3166,nld,10,335,1,,
german,language,0,0,German,немецкий,,,,,south_germ,deu,stan1295,gti,,stan1295,52.5166,13.3833,deu,10,216,1,,
gothic,language,1,0,Gothic,готский,,,,,east_germ,got,goth1244,,,,44.4167,12.02,ita,10,101,1,,
icelandic,language,0,0,Icelandic,исландский,,,,,north_germ,isl,icel1247,ice,icel1247,icel1247,64.23,-21.8266,isl,10,170,1,,
luxembourgian,language,0,0,Luxembourgian,люксембургский,,,"Luxemburgish, Letzeburgesch, Luxembourgian","летцебургиш, люксембургский немецкий, нижненемецкий",south_germ,ltz,luxe1241,lux,,luxe1241,49.6071,6.1248,lux,10,198,1,,
norwegian,language,0,0,Norwegian,норвежский,,,,,north_germ,nor,norw1258,nor,,norw1258,59.9333,10.6833,nor,10,300,1,,
swedish,language,0,0,Swedish,шведский,,,,,north_germ,swe,swed1254,swv,swed1254,swed1254,60.0986,19.9444,swe,10,349,1,,
swiss_german,dialect,0,0,Swiss German,швейцарско-немецкий,,,,,south_germ,gsw,swis1247,gzu,,swis1247,47.05,8.46,che,10,380,1,,
yiddish,language,0,0,Yiddish,идиш,,,,"еврейский, еврейско-немецкий жаргон",south_germ,yid,yidd1255,,,,53.3571,25.2465,blr,10,150,1,,
old_persian,language,1,0,Old Persian,древнеперсидский,,,,клинописных надписей ахеменидов,south_west_iran,peo,oldp1254,,,,29.6081,52.5247,irn,5,35,1,,
middle_persian,language,1,0,Middle Persian,среднеперсидский,,,"Pahlavi, Pārsīk","парсик, пехлеви, персидский, пехлевийский",south_west_iran,pal,pahl1241,,,,29.608,52.5247,irn,5,57,1,,
persian,language,0,0,Persian,персидский,,,Farsi,фарси,south_west_iran,"fas, pes",west2369,prs,west2369,west2369,35.7,51.4166,irn,5,71,1,,
tajik,language,0,0,Tajik,таджикский,,,"Tajiki, Tajiki Persian",,south_west_iran,tgk,taji1245,taj,,taji1245,38.5677,68.7936,tjk,5,96,1,,
dari,language,0,0,Dari,дари,,,"Dari Persian, Farsi, Afghan Persian","персидско-кабульский (фарси-кабули), кабули, афганско-персидский, кабульско-персидский, кабульско-таджикский, фарси-кабули",south_west_iran,prs,dari1249,dri,,,31.8402,54.1625,irn,5,121,1,,
tati,language,0,0,Tati,татский,,,"Tati, Tat/Tati Persian",тати,south_west_iran,ttt,musl1236,tmu,,,41.425062,46.645589,aze,5,141,1,,
hazaragi,language,0,0,Hazaragi,хазара,,,,"хазараги, хазарийский диалект языка дари",south_west_iran,haz,haza1239,,,,34.8166,67.8166,afg,5,154,1,,
luri_bakhtiari_dialects,dialect,0,1,Luri and Bakhtiari,лурская и бахтиярская группа диалектов,Luri and Bakhtiari group of dialects,лурская и бахтиярская группа диалектов,,,south_west_iran,,luri1252,,,,33.46667,48.35,irn,5,166,1,,
larestani_dialects,dialect,0,1,Larestani,ларская группа диалектов,Larestani dialects,ларская группа диалектов,Lari,,south_west_iran,lrl,lari1253,,,,27.64,54.63,irn,5,174,1,,
fars_dialects,dialect,0,1,Fars dialects,Фарса диалекты,Fars dialects,Фарса диалекты,,"сомгуни, папуни, бурингуни, масарми",south_west_iran,fay,sout2645,,,,29.61,52.5425,irn,5,177,1,,
kumzari,language/dialect,0,0,Kumzari,кумзари,,,,,south_west_iran,zum,kumz1235,,kumz1235,kumz1235,26.16,56.42,omn,5,191,1,,
kurdshuli,language/dialect,0,0,Kurdshuli,курдшули,,,,,south_west_iran,,,,,,30.6530865646752,52.672619742743,irn,5,193,1,,
bashkardi,dialect,0,1,Bashkardi,башкарди,Bashkardi dialects,башкарди группа диалектов,,,south_west_iran,bsg,bash1263,,,,32,53,irn,5,194,1,,
davani,dialect,0,0,Davani,давани,,,,,south_west_iran,,dava1250,,,,29.7027407437594,51.6746663089569,irn,5,198,1,,
char_aymak,dialect,0,1,Char-aymak,чар-аймаки,Char-aymak dialects,чар-аймаков группа диалектов,"Aimaq, Aimaqi","чаар-аймаки, чор-аймаки, джемшиды, фирузкухи, теймури, таймени, таймани",south_west_iran,aiq,aima1241,,,,35.28,59.18,irn,5,200,1,,
abdui,dialect,0,0,Abdui,абдуи,,,,,north_west_iran,,,,,,29.599167,51.863056,irn,6,85,1,,
aftari,language/dialect,0,0,Aftari,афтари,,,,,north_west_iran,,afta1234,,,,35.36,53.7,irn,6,164,1,,
balochi,language,0,0,Balochi,белуджский,,,,"балучи, балочи",north_west_iran,bal,"east2304, sout2642, west2368",,,"east2304, sout2642, west2368",30.36,67.02,pak,6,28,1,,
biyabuneki,language/dialect,0,0,Biyabuneki,биябунеки,,,,,north_west_iran,,biya1234,,,,35.53,53.29,irn,6,162,1,,
farizandi,dialect,0,0,Farizandi,фаризанди,,,,,north_west_iran,,fari1234,,,,33.46,51.95,irn,6,202,1,,
gilaki,language,0,0,Gilaki,гилянский,,,,,north_west_iran,glk,gila1241,gil,,,37.2755,49.6028,irn,6,112,1,,
gurani,language,0,0,Gurani,гурани,,,,"горани, хеврамани, хеврами",north_west_iran,hac,gura1251,hwr,gura1251,,35.4259,46.2551,irn,6,77,1,,
jawshakani,dialect,0,0,Jawshakani,джавшакани,,,,,north_west_iran,,jows1234,,,,33.99,51.4,irn,6,218,1,,
keshei,dialect,0,0,Keshei,кешеи,,,,,north_west_iran,,kesh1234,,,,33.23,51.47,irn,6,210,1,,
kohrudi,dialect,0,0,Kohrudi,кохруди,,,,,north_west_iran,,qohr1234,,,,34.3805565276271,51.3433813172377,irn,6,207,1,,
kurdish,language,0,0,Kurdish,курдский,,,,курди,north_west_iran,kur,kurd1259,krd,,,36.1833,44,irq,6,56,1,,
lasgerdi,language/dialect,0,0,Lasgerdi,ласгерди,,,,,north_west_iran,lsa,lasg1238,,,,35.4,53,irn,6,158,1,,
mazanderani,language,0,0,Mazanderani,мазандеранский,,,,"мазендеранский, мазандарани, табари",north_west_iran,mzn,maza1291,mzn,,maza1291,36.24,52.3,irn,6,125,1,,
meimei,dialect,0,0,Meimei,меймеи,,,,,north_west_iran,,meym1234,,,,35.34,53.24,irn,6,214,1,,
sangesari,language/dialect,0,0,Sangesari,сангесари,,,,,north_west_iran,sgr,sang1315,,,,35.72,53.3,irn,6,166,1,,
semnani,language,0,0,Semnani,семнанский,,,,семнани,north_west_iran,smy,semn1251,,,,35.5769,53.3953,irn,6,144,1,,
shamerzadi,language/dialect,0,0,Shamerzadi,шамерзади,,,,,north_west_iran,srz,shah1253,,,,35.78,53.32,irn,6,135,1,,
surkhei,language/dialect,0,0,Surkhei,сурхеи,,,,,north_west_iran,,sork1240,,,,35.46,53.22,irn,6,153,1,,
talysh,language,0,0,Talysh,талышский,,,,,north_west_iran,tly,taly1247,taz,,,38.814,48.6804,aze,6,89,1,,
velatru,language/dialect,0,0,Velatru,велатру,,,,,north_west_iran,,vela1234,,,,36.0796613596055,51.3812756086621,irn,6,141,1,,
yarandi,dialect,0,0,Yaran(d)i,яран(д)и,,,,,north_west_iran,,yara1255,,,,32.5765081139801,52.430019336531,irn,6,198,1,,
yazdi_and_kermani,language/dialect,0,1,Yazdi and Kermani,йезди и кермани,,,,,north_west_iran,,jude1275,,,,30.3995581523314,57.1489882360503,irn,6,184,1,,
zaza,language,0,0,Zaza,заза,,,"Zazaki, Kirmanjki, Kirdki, Dimli","зазаки, дымли",north_west_iran,zza,zaza1246,zaz,,,39,41,tur,6,73,1,,
abaza,language,0,0,Abaza,абазинский,,,,абазский,abazgi,abq,abaz1241,abz,,,44.1556,41.9368,rus,9,131,1,,
abkhaz,language,0,0,Abkhaz,абхазский,,,,,abazgi,abk,abkh1244,abk,abkh1244,abkh1244,43.133,40.8471,rus,9,113,1,,
adyghe,language,0,0,Adyghe,адыгейский,,,"Lower-Adyghe, Kiach","нижне-адыгский, кяхский",circas,ady,adyg1241,ash,,adyg1241,44.9181,39.7485,rus,9,91,1,,
agul,language,0,0,Aghul,агульский,,,,,lezg,agx,aghu1253,agl,,,41.7518,47.6875,rus,9,398,1,,
akhvakh,language,0,0,Akhvakh,ахвахский,,,,,andi,akv,akhv1239,axv,,,42.472,46.3238,rus,9,252,1,,
andi,language,0,0,Andi,андийский,,,,,andi,ani,andi1255,anx,,andi1255,42.7308,46.2963,rus,9,220,1,,
avar,language,0,0,Avar,аварский,,,,,avar_andi,ava,avar1256,ava,,avar1256,42.4801,46.8017,rus,9,203,1,,
bagvalal,language,0,0,Bagvalal,багвалинский,,,Bagulal,"багваланьский, багулальский, кванадинский",andi,kva,bagv1239,bgv,bagv1239,,42.5247,46.192,rus,9,269,1,,
bats,language,0,0,Bats,бацбийский,,,"Batsi, Batsbi, Batsb, Batsaw, Tsova-Tush","цовский, цоватуншинский, бадоевский",nakh,bbl,bats1242,ttu,bats1242,bats1242,42.0982,45.0878,geo,9,196,1,,
bezhta,language,0,0,Bezhta,бежтинский,,,"Bezheta, Kapucha","бежитинский, капучинский",tsez,kap,bezh1248,bez,bezh1248,,42.1369,46.1508,rus,9,303,1,,
botlikh,language,0,0,Botlikh,ботлихский,,,"Botlix, Buykhadi",,andi,bph,botl1242,,,,42.6602,46.2222,rus,9,228,1,,
chamalal,language,0,0,Chamalal,чамалинский,,,"Camalal, Chamalin",чамальский,andi,cji,cham1309,chm,cham1309,,42.5712,46.0739,rus,9,291,1,,
chechen,language,0,0,Chechen,чеченский,,,,,nakh,che,chec1245,chc,chec1245,chec1245,43.3166,45.7,rus,9,173,1,,
dargwa,language,0,0,Dargwa,даргинский,,,,хюркилинский,darg,dar,darg1241,drg,darg1241,,42.3205,47.5306,rus,9,357,1,,
georgian,language,0,0,Georgian,грузинский,,,,,south_kartv,kat,nucl1302,geo,nucl1302,nucl1302,41.7167,44.8,geo,9,20,1,,
ginukh,language,0,0,Hinuq,гинухский,,,"Hinukh, Hinux, Ginukh, Ginux",,tsez,gin,hinu1240,hnk,hinu1240,,42.1801,45.977,rus,9,331,1,,
godoberi,language,0,0,Godoberi,годоберинский,,,,,andi,gdo,ghod1238,god,ghod1238,ghod1238,42.5915,46.3376,rus,9,236,1,,
hunzib,language,0,0,Hunzib,гунзибский,,,,"гунзальский, энзебский, хунзальский, нахалдинский, капучинско-гунзибский",tsez,huz,hunz1247,hzb,hunz1247,hunz1247,42.1654,46.2991,rus,9,312,1,,
ingush,language,0,0,Ingush,ингушский,,,,"западновайнахский, галгаевский",nakh,inh,ingu1240,ing,ingu1240,ingu1240,43.145,45.1043,rus,9,186,1,,
kabardian,language,0,0,Kabardian,кабардинский,,,,кабардинско-черкесский,circas,kbd,kaba1278,kab,kaba1278,kaba1278,43.7393,43.4289,rus,9,102,1,,
karata,language,0,0,Karata,каратинский,,,,,andi,kpt,kara1474,krt,,kara1474,42.5911,46.3374,rus,9,261,1,,
khvarshi,language,0,0,Khvarshi,хваршинский,,,,хваршийский,tsez,khv,khva1239,khv,khva1239,,42.3417,46.1212,rus,9,339,1,,
lak,language,0,0,Lak,лакский,,,,казикумухский,north_east_cauc,lbe,lakk1252,lak,lakk1252,lakk1252,42.0125,47.2521,rus,9,347,1,,
laz,language,0,0,Laz,лазский,,,,чанский,south_kartv,lzz,lazz1240,laz,lazz1240,lazz1240,41.2736,41.2646,geo,9,59,1,,
lezgian,language,0,0,Lezgian,лезгинский,,,,кюринский,lezg,lez,lezg1247,lez,lezg1247,lezg1247,41.4921,48.0541,rus,9,373,1,,
mingrelian,language,0,0,Mingrelian,мегрельский,,,"Megrelian, Iverian","мингрельский, иверский",south_kartv,xmf,ming1252,mgl,,ming1252,42.4599,41.7205,tur,9,52,1,,
rutul,language,0,0,Rutul,рутульский,,,,мухадский,lezg,rut,rutu1240,rut,rutu1240,rutu1240,41.5332,47.3181,rus,9,409,1,,
svan,language,0,0,Svan,сванский,,,,,north_kartv,sva,svan1243,sva,,svan1243,42.9164,43.0114,geo,9,65,1,,
tabasaran,language,0,0,Tabasaran,табасаранский,,,Tabassaran,,lezg,tab,taba1259,tbs,,,41.8081,47.9882,rus,9,385,1,,
tindi,language,0,0,Tindi,тиндинский,,,,"тиндийский, тиндальский",andi,tin,tind1238,tnd,,,42.466,46.1453,rus,9,283,1,,
tsez,language,0,0,Tsez,цезский,,,Dido,"дидойский, цунтинский",tsez,ddo,dido1241,tsz,dido1241,dido1241,42.2376,45.8734,rus,9,320,1,,
ubykh,language,1,0,Ubykh,убыхский,,,Ubyx,,ubykh,uby,ubyk1235,uby,ubyk1235,,43.5585,39.8597,rus,9,146,1,,
breton,language,0,0,Breton,бретонский,,,,амориканский бретонский,britton,bre,bret1244,bre,bret1244,bret1244,48.2246,-3.9331,fra,10,392,1,,
celtiberian,language,1,0,Celtiberian,кельтиберский,,,Northeastern Hispano-Celtic,"язык кельтиберов, язык кельтов пиренейского п-ова, испано-кельтский",cont_celt,xce,celt1247,,,,41.5,-1.0333,esp,10,449,1,,
cornish,language,1,0,Cornish,корнский,,,"Kernewek, Kernowek","корнуэльский, корнийский, корнваллийский",britton,cor,corn1251,crn,,,50.4575,-4.746,gbr,10,452,1,,
gaulish,language,1,0,Gaulish,галльский,,,,"континентальный кельтский, галагский, континентальные кельтские диалекты",cont_celt,"xtg, xga, xcg","tran1282, gala1252, cisa1237",,,,39.34,32.84,tur,10,424,1,,
irish_gaelic,language,0,0,Irish Gaelic,ирландский,,,Gaelic,гэльский,goidel,gle,iris1253,irm,iris1253,iris1253,53.7876,-9.1845,irl,10,427,1,,
lepontic,language,1,0,Lepontic,лепонтийский,,,,,cont_celt,xlp,lepo1240,,,,45.98,8.92,ita,10,456,1,,
manx,language,1,0,Manx,мэнкский,,,,язык острова мэн,goidel,glv,manx1243,mnx,,,54.2106,-4.5318,gbr,10,457,1,,
pictish,language,1,0,Pictish,пиктский,,,,язык пиктов,britton,xpi,pict1238,,,,56.37,-3.9,gbr,10,459,1,,
scottish_gaelic,language,0,0,Scottish Gaelic,шотландский,,,"Scots Gaelic, Gaelic","гаэльский, гэльский, гельский, эрский, горношотландский",goidel,gla,scot1245,gae,,scot1245,55.95,-3.1988,gbr,10,460,1,,
welsh,language,0,0,Welsh,валлийский,,,,"кимрский, уэльский",britton,cym,wels1247,wel,wels1247,wels1247,52.4459,-3.5485,gbr,10,405,1,,
elamite,language,1,0,Elamite,эламский,,,,"сузский, сузианский, эламско-анзанитский",isolate,elx,elam1244,,,,32.1892,48.2577,irn,16,95,1,,
hattic,language,1,0,Hattic,хаттский,,,Hattian,"протохаттский, протохеттский",isolate,xht,hatt1246,,,,41.7269,36.0115,tur,16,168,1,,
hurrian,language,1,0,Hurrian,хурритский,,,,,hurro_urar,xhu,hurr1240,,hurr1240,,36.8,40.3,syr,16,126,1,,
sumerian,language,1,0,Sumerian,шумерский,,,,,isolate,sux,sume1241,,sume1241,,31.3222,45.6361,irq,16,19,1,,
urartian,language,1,0,Urartian,урартский,,,"Vannic, Chaldean",ванской клинописи язык,hurro_urar,xur,urar1245,,,,38.5027,43.1222,tur,16,149,1,,
amharic,language,0,0,Amharic,амхарский,,,,,ethio_sem,amh,amha1245,amh,amha1245,amha1245,9.03,38.74,eth,18,311,1,,
argobba,language,0,0,Argobba,аргобба,,,,,ethio_sem,agj,argo1244,,argo1244,argo1244,10.6596,39.756,eth,18,375,1,,
chaha,language,0,0,Chaha,чаха,,,,,ethio_sem,sgw,chah1248,chh,,chah1248,8.1667,38.25,eth,18,577,1,,
gafat,language,1,0,Gafat,гафат,,,,,ethio_sem,gft,gafa1240,,,,10.6768,35.8264,eth,18,546,1,,
geez,language,1,0,Ge`ez,геэз,,,,,ethio_sem,gez,geez1241,,,,14.1074,38.7879,eth,18,141,1,,
harari,language,0,0,Harari,харари,,,,,ethio_sem,har,hara1271,hrr,,hara1271,9.3111,42.1278,eth,18,406,1,,
tigre,language,0,0,Tigre,тигре,,,,,ethio_sem,tig,tigr1270,tgr,,tigr1270,15.3228,38.925,eri,18,216,1,,
tigrinya,language,0,0,Tigrinya,тигринья,,,,"тигринья, тигриння",ethio_sem,tir,tigr1271,tig,,tigr1271,13.4833,39.4666,eth,18,260,1,,
zay,language,0,0,Zay,зай,,,,,ethio_sem,zwa,zayy1238,,,zayy1238,8.0728,38.8476,eth,18,509,1,,
beng,language,0,0,Beng,бен,,,,,south_mande,nhb,beng1286,bnq,,beng1286,7.78122,-4.23539,civ,21,1001,1,,
boko,language,0,0,Boko,боко,,,,,east_mande,bqc,boko1266,bok,,boko1266,9.35,2.6166,ben,21,1052,1,,
gban,language,0,0,Gban,гбан,,,,,south_mande,ggu,gagu1242,,,gagu1242,6.3057,-4.9768,civ,21,902,1,,
goo,language,0,0,Goo,гоо,,,Guse,,south_mande,,gooa1234,,,,7.58,-7.56,civ,21,457,1,,
jogo,language,0,0,Jogo,джого,,,,,jogo_jero,,jogo1242,,,,7.94,-2.56,gha,21,213,1,,
kakabe,language,0,0,Kakabe,какабе,,,,,mokole,kke,kaka1265,,,kaka1265,9.5167,-13.7,gin,21,172,1,,
loko,language,0,0,Loko,локо,,,,,south_west_mande,lok,loko1255,lok,,loko1255,8.4845,-13.2345,sle,21,414,1,,
mandinka,language,0,0,Mandinka,мандинка,,,,,manding_west,mnk,mand1436,mkg,mand1436,mand1436,13.0153,-15.3177,sen,21,144,1,,
mano,language,0,0,Mano,мано,,,,,south_mande,mev,mann1248,man,mann1248,mann1248,6.75,-8.75,lbr,21,680,1,,
mwan,language,0,0,Mwan,муан,,,,,south_mande,moa,mwan1250,,mwan1250,mwan1250,7.87533,-5.94577,civ,21,718,1,,
soninke,language,0,0,Soninke,сонинке,,,,,soni_bozo,snk,soni1259,snn,soni1259,soni1259,12.65,-8,mli,21,248,1,,
susu,language,0,0,Susu,сусу,,,,,susu_jall,sus,susu1250,sus,susu1250,susu1250,10.4046,-13.3628,gin,21,221,1,,
tura,language,0,0,Tura,тура,,,,,south_mande,neb,tour1242,,,tour1242,7.76747,-7.33105,civ,21,584,1,,
wan,language,0,0,Wan,уан,,,,,south_mande,wan,wann1242,wna,wann1242,wann1242,7.88773,-5.82092,civ,21,1032,1,,
yaoure,language,0,0,Yaouré,яурэ,,,,,south_mande,yre,yaou1238,,yaou1238,yaou1238,6.95282,-5.57851,civ,21,877,1,,
mamluk_kipchak,language,1,0,Mamluk-Kipchak,мамлюкско-кыпчакский,,,,"мамлюкско-египетский, золотоордынско-египетский, кыпчако-огузский, кыпчакский письменный",kipchak_cuman,,,,,,51.2333,51.3666,kaz,,,0,,
pecheneg,language,1,0,Pecheneg,печенежский,,,Kangarian,кангарский,oghuz_turk,xpc,pech1242,,,,46.4075,29.6191,mda,,,0,,
urum,language,0,0,Urum,урумский,,,,"мариупольское наречие тюркских языков, урум дили, татарский, крымско-татарский, греко-татарский",kipchak_cuman,uum,urum1249,urm,,,47.0102,36.7822,ukr,,,0,,
fuyu_kyrgyz,language,0,0,Fuyu Kyrgyz,фуюйских кыргызов,,,,,khak_turk,,,kfy,,,47.8,124.2,chn,,,0,,
khalaj,language,0,0,Khalaj,халаджский,,,Arghu,халаджский диал.азербайджанского языка,karluk,klj,turk1303,khl,turk1303,,34.3751,50.3063,irn,,,0,,
khorasani_turkic,language,0,0,Khorasani Turkic,хорасано-тюркский,,,,,oghuz_turk,kmz,khor1269,twx,,,36.6596,57.854,irn,,,0,,
yurt_tatar,language,0,0,Yurt Tatar,юртовских татар,,,,ногайский,kipchak_nogai,,yurt1234,yta,,,46.3943,48.3288,rus,,,0,,
jurchen,language,1,0,Jurchen,чжурчжэньский,,,,,south_tung,juc,jurc1239,jur,,,33.0071,114.3624,chn,,,1,,
tamil,language,0,0,Tamil,тамильский,,,,,south_drav,tam,tami1289,tsp,tami1289,tami1289,10.520219,78.825989,ind,19,47,1,,
irula,language,0,0,Irula,ирула,,,,,south_drav,iru,irul1243,,,irul1243,11.4369,76.5032,ind,19,173,1,,
malayalam,language,0,0,Malayalam,малаялам,,,,,south_drav,mal,mala1464,mym,mala1464,mala1464,8.5,77,ind,19,188,1,,
toda,language,0,0,Toda,тода,,,,,south_drav,tcx,toda1252,tda,toda1252,toda1252,11.4167,76.6833,ind,19,222,1,,
kota,language,0,0,Kota,кота,,,,,south_drav,kfe,kota1263,kot,kota1263,kota1263,11.4154,76.8576,ind,19,233,1,,
kodagu,language,0,0,Kodagu,кодагу,,,,,south_drav,kfa,koda1255,kod,koda1255,koda1255,11.6952,75.9375,ind,19,245,1,,
badaga,language,0,0,Badaga,бадага,,,,,south_drav,bfq,bada1257,bdg,bada1257,bada1257,11.3818,76.7739,ind,19,258,1,,
kannada,language,0,0,Kannada,каннада,,,,,south_drav,kan,nucl1305,knd,nucl1305,nucl1305,12.9667,77.5667,ind,19,269,1,,
telugu,language,0,0,Telugu,телугу,,,,,south_cent_drav,tel,telu1262,tel,telu1262,telu1262,17.37,78.48,ind,19,313,1,,
kolami,language,0,0,Kolami,колами,,,,,cent_drav,kfb,nort2699,kol,nort2699,nort2699,20.5093,78.1787,ind,19,362,0,,
parji,language,0,0,Parji,парджи,,,,,cent_drav,pci,duru1236,prd,duru1236,duru1236,18.6579,82.7407,ind,19,381,0,,
gadaba,language,0,0,Gadaba,гадаба,,,,,cent_drav,gdb,pott1240,gdk,pott1240,pott1240,18.3858,82.7819,ind,19,405,0,,
pengo,language,0,0,Pengo,пенго,,,,,gondwan,peg,peng1244,pen,peng1244,peng1244,19.0621,83.4851,ind,19,422,0,,
manda,language,0,0,Manda,манда,,,,,gondwan,mha,mand1413,,,,20.1384,84.0289,ind,19,433,0,,
kui,language,0,0,Kui,куи,,,,,gondwan,kxu,kuii1252,kui,kuii1252,kuii1252,19.5908,83.9575,ind,19,439,0,,
kuvi,language,0,0,Kuvi,куви,,,,,gondwan,kxv,kuvi1243,kuv,kuvi1243,kuvi1243,18.9478,83.5839,ind,19,453,0,,
konda,language,0,0,Konda,конда,,,,,gondwan,kfc,kond1295,kda,,kond1295,18.2763,82.9385,ind,19,464,0,,
gondi,language,0,0,Gondi,гонди,,,,,gondwan,gon,nort3258,,,,19.5804,80.4418,ind,19,477,0,,
kurukh,language,0,0,Kurukh,курух,,,,,north_drav,"kru, kxl, xis","kuru1301, nepa1253, kisa1261",kur,,nepa1253,23.36,85.33,ind,19,495,0,,
malto,language,0,0,Malto,малто,,,,,north_drav,"kmj, mjt","kuma1274, saur1249",mto,saur1249,saur1249,22.5667,88.3667,ind,19,506,0,,
brahui,language,0,0,Brahui,брахуи,,,,,north_drav,brh,brah1256,brh,brah1256,brah1256,29.0369,66.5826,pak,19,527,0,,
ket,language,0,0,Ket,кетский,,,Yenisei Ostyak,енисейско-остяцкий,north_yen,ket,kett1243,ket,kett1243,kett1243,62.6236,87.7148,rus,4,177,0,,
yugh,language,1,0,Yugh,югский,,,,"сымских кетов, енисейских остяков, дюканский",north_yen,yug,yugh1239,yug,,,61.0901,88.1982,rus,4,187,0,,
kott,language,1,0,Kott,коттский,,,Kot,кутанский,south_yen,zko,kott1239,ktt,,,56.0166,93.0666,rus,4,195,0,,
ainu,language,0,0,Ainu,айнский,,,"Ainish, Ainic","айну, аинский",isolate,ain,ainu1240,ain,ainu1240,ainu1240,43.2612,142.8222,jpn,4,126,0,,
nivkh,language,0,0,Nivkh,нивхский,,,,гиляцкий,isolate,niv,gily1242,nvs,gily1242,gily1242,51.7814,143.1628,rus,4,139,0,,
burushaski,language,0,0,Burushaski,бурушаски,,,,"буришкский, буришский, канджутский, вершикский",isolate,bsk,buru1296,bur,buru1296,buru1296,35.909,74.2153,ind,4,204,0,,
parthian,language,1,0,Parthian,парфянский,,,"Arsacid Pahlavi, Pahlawānīg","пехлевийский, пехлеви",north_west_iran,xpr,part1239,,,,33.0936,44.5806,irq,6,14,1,,
parachi,language,0,0,Parachi,парачи,,,,,north_west_iran,prc,para1299,,,,34.4658,68.637,afg,6,257,1,,
ormuri,language,0,0,Ormuri,ормури,,,"Oormuri, Urmuri, Ormur, Ormui",бараки,north_west_iran,oru,ormu1247,orm,,ormu1247,32.518,69.783,pak,6,276,1,,
avestan,language,1,0,Avestan,авесты,,,"Avestan, Avestic, Zend","авестийский, авестский, зендский",iran,ave,aves1237,,,,29.9808,52.9094,irn,7,10,1,,
bactrian,language,1,0,Bactrian,бактрийский,,,Aryao,"тохарский, этеотохарский, кушанский, кушано-бактрийский, древнебактрийский",south_east_iran,xbc,bact1239,,,,36.758,66.8988,afg,7,38,1,,
khotanese,language,1,0,Khotanese,хотаносакский,,,,,south_east_iran,kho,khot1251,,,,37.103,79.9288,chn,7,46,1,,
sogdian,language,1,0,Sogdian,согдийский,,,,"согд, сули",north_east_iran,sog,sogd1245,,,,39.6541,66.9597,uzb,7,58,1,,
khwaresmian,language,1,0,Khwaresmian,хорезмийский,,,"Khwarazmian, Chorasmian, Khorezmian",,north_east_iran,xco,khwa1238,,,,41.55,60.6333,uzb,7,95,1,,
pashto,language,0,0,Pashto,пашто,,,,,south_east_iran,pus,nucl1276,psh,,,34.5328,69.1658,afg,7,111,1,,
munji,language,0,0,Munji,мунджанский,,,,йига-мунджанский,south_east_iran,mnj,munj1244,,,munj1244,36.0379,70.6723,afg,7,154,1,,
wakhi,language,0,0,Wakhi,ваханский,,,,,south_east_iran,wbl,wakh1245,wak,,wakh1245,35.5167,69.8667,afg,7,174,1,,
sanglechi,language,0,0,Sanglechi,сангличский,,,Sanglich,санглечи,south_east_iran,sgy,sang1344,,,,36.6585,71.4784,afg,7,186,1,,
ishkashimi,language,0,0,Ishkashimi,ишкашимский,,,,,south_east_iran,isk,ishk1246,ish,,ishk1246,36.6915,71.7668,tjk,7,196,1,,
shughni,language,0,0,Shughni,шугнанский,,,Khughni,язык шугнана,south_east_iran,sgh,shug1248,rsh,,,37.5018,71.7925,tjk,7,225,1,,
rushani,language,0,0,Rushani,рушанский,,,,язык рушана,south_east_iran,,rush1239,,,,37.8705,71.5979,tjk,7,242,1,,
khufi,language,0,0,Khufi,хуфский,,,,,south_east_iran,,khuf1238,,,,37.8595,71.60373,tjk,7,254,1,,
bartangi,language,0,0,Bartangi,бартангский,,,,,south_east_iran,,bart1238,,,,38.048,71.8286,tjk,7,259,1,,
roshorvi,language,0,0,Roshorvi,рошорвский,,,Oroshori,орошорвский,south_east_iran,,oros1238,,,,38.1086,72.1719,tjk,7,264,1,,
sariqoli,language,0,0,Sariqoli,сарыкольский,,,"Sariqoli, Selekur, Sarikul, Sariqul, Sariköli",,south_east_iran,srh,sari1246,,,,37.9463,75.1272,chn,7,269,1,,
yazghulami,language,0,0,Yazghulami,язгулямский,,,"Yazgulyam, Iazgulem, Yazgulam","язгулемский, язык долины язгулем",south_east_iran,yah,yazg1240,yaz,,,38.1982,71.4276,tjk,7,274,1,,
yaghnobi,language,0,0,Yaghnobi,ягнобский,,,Neo-Sogdian,"новосогдийский, ягнауский",iran,yai,yagn1238,ygn,,yagn1238,38.5632,68.4475,tjk,7,290,1,,
ossetian,language,0,0,Ossetian,осетинский,,,"Ossete, Ossetic",,iran,oss,iron1242,oss,iron1242,,42.2238,43.9838,sos,7,311,1,,
kashmiri,language,0,0,Kashmiri,кашмири,,,Koshur,,dard,kas,kash1277,kas,kash1277,kash1277,34.5,76,ind,8,21,1,,
shina,language,0,0,Shina,шина,,,,брокскат,dard,"scl, plk","shin1264, kohi1248",sna,,shin1264,35.35,75.9,ind,8,37,1,,
phalura,language,0,0,Phalura,пхалура,,,"Phalura, Palola, Phalulo, Ashreti, Dangarikwar",дангарик,dard,phl,phal1254,,,phal1254,35.7264,71.7434,pak,8,47,1,,
mayan,language,0,0,Mayan,майян,,,,кохистани,dard,mvy,indu1241,,,,35.3151,72.908,pak,8,53,1,,
garwi,language,0,0,Garwi,гарви,,,Abasin Kohistani,"кохистани, башкарик, дири, гаври, каям-кохистани",dard,gwc,kala1373,kal,,,35.2893,72.6168,pak,8,56,1,,
torwali,language,0,0,Torwali,торвали,,,,,dard,trw,torw1241,trw,,torw1241,35.5833,72.5,pak,8,58,1,,
khowar,language,0,0,Khowar,кховар,,,,,dard,khw,khow1242,khw,,,34.1254,71.5649,pak,8,61,1,,
kalasha,language,0,0,Kalasha,калаша,,,Kalashamondr,калашский,dard,kls,kala1372,klh,,,35.6684,71.7201,pak,8,65,1,,
tirahi,language,0,0,Tirahi,тирахи,,,,,dard,tra,tira1253,,,,34.3139,70.3729,afg,8,70,1,,
pashai,language,0,0,Pashai,пашаи,,,Pashayi,,dard,"aee, glh, psi, psh","nort2666, nort2665, sout2672, sout2671",,,sout2672,34.66,70.2,afg,8,72,1,,
grangali,language,0,0,Grangali,глангали,,,,,dard,nli,gran1245,,,,34.8666,71.1333,afg,8,81,1,,
shumashti,language,0,0,Shumashti,шумашти,,,Shumasht,,dard,sts,shum1235,,,,34.6108,70.7569,afg,8,86,1,,
katarkalai,language,1,0,Katarkalai,катаркалаи,,,Votapuri,вотапури,dard,wsv,wota1240,,,,34.4166,70.3333,afg,8,89,1,,
gawar,language,0,0,Gawar,гавар,,,"Narsati, Aranduyiwar","гавар-бати, нарсат",dard,gou,gava1241,,,gava1241,35.3272,71.5847,pak,8,91,1,,
dameli,language,0,0,Dameli,дамели,,,,дамельский,dard,dml,dame1241,,,,35.578,71.8684,pak,8,95,1,,
kati,language,0,0,Kati,кати,,,"Kamkata-Vari, Bashgali",башгали,nurist,bsh,kati1270,ktz,,,35.3845,71.3177,afg,8,101,1,,
waigali,language,0,0,Waigali,вайгали,,,Kalasha-ala,"вайгели, вайгальский",nurist,wbk,waig1243,wgl,,,35.1895,71.1941,afg,8,118,1,,
zemiaki,language/dialect,0,0,Zemiaki,земиаки,,,,,nurist,,zemi1238,,,,34.89,70.75,afg,8,123,1,,для точки на карте взяты координаты Glottolog
tregami,language/dialect,0,0,Tregami,трегами,,,Gambiri,гамбири,nurist,trm,treg1243,,,,35,71.1,afg,8,125,1,,для точки на карте взяты координаты Glottolog
ashkun,language,0,0,Ashkun,ашкун,,,,ашкуну,nurist,ask,ashk1246,,,,34.9973,71.0746,afg,8,126,1,,
prasun,language,0,0,Prasun,прасун,,,"Wasi-wari, Vasi-vari, Wasi-weri",,nurist,prn,pras1239,pra,pras1239,,33.9391,67.7099,afg,8,132,1,,
vedic,language,1,0,Vedic,ведийский,,,Vedic Sanskrit,ведийский санскрит,indo_aryan,vsn,,,,,31,74,ind,12,16,0,,
sanskrit,language,0,0,Sanskrit,санскрит,,,,,indo_aryan,san,sans1269,,,sans1269,28.6913,77.2548,ind,12,25,0,,
pali,language,1,0,Pali,пали,,,Magadhan,,indo_aryan,pli,pali1273,,,,6.9,79.9,lka,12,73,0,,
hindi,language,0,0,Hindi,хинди,,,Modern Standard Hindi,"хиндустани, хирду",cent_indo_aryan,hin,hind1269,hin,hind1269,hind1269,28.7,77.2,ind,17,47,0,,
awadhi,language,0,0,Awadhi,авадхи,,,"Baiswāri, Pūrbī, Kōsalī","косали, пурби",cent_indo_aryan,awa,awad1243,awd,awad1243,awad1243,27.5907,82.4663,ind,17,105,1,,
braj,language,0,0,Braj,брадж,,,"Braj, Braj-Bhakha, Brij-Bhasha","брадж-бхаша, брадж-бхакха, бридж-бхаша",cent_indo_aryan,bra,braj1242,,,,26.85,80.91,ind,17,119,1,,
urdu,language,0,0,Urdu,урду,,,"Lashkari, Modern Standard Urdu","рекхта, хиндави, хиндустани, индустани",cent_indo_aryan,urd,urdu1245,urd,,urdu1245,33.6666,73.1666,pak,17,131,0,,
rajasthani,language,0,0,Rajasthani,раджастхани,,,,,cent_indo_aryan,raj,raja1256,,,,26.9166,75.8666,ind,17,139,0,,
banjari,language,0,0,Banjari,банджари,,,"Banjara, Banjori, Banjuri, Brinjari, Lambadi, Lamani, Lamadi, Lambani, Labhani, Lambara, Lavani, Lemadi, Lumadale, Labhani Muka, Gohar-Herkeri, Goola, Kora, Singali, Sugali, Sukali, Tanda, Vanjari, Vanji","банджара, банджори, банджури, бринджари, ламбади, ламани, ламади, ламбани, лабхани, ламбара, лавани, лемади, лумадале, лабхани мука, гохар-херкери, гула, кора, сингали, сугали, сукали, танда, ванджари, ванджи",cent_indo_aryan,lmn,lamb1269,lmn,lamb1269,lamb1269,17,77,ind,17,146,1,,
domaaki,language,0,0,Domaaki,домааки,,,"Domaki, Dumaki","домаки, думаки",indo_aryan,dmk,doma1260,dmk,doma1260,,34.9842,75.1101,ind,17,165,1,,
bangani,language,0,0,Bangani,бангани,,,,,pahari,gbm,garh1243,,,,30.5,78.5,ind,17,219,0,,
nepali,language,0,0,Nepali,непальский,,,"Eastern Pahari, Gorkhali, Khas Kura, Parbatiya","непали, восточный пахари, гуркхали, кхас-кура, парбатия",pahari,npi,nepa1254,nep,nepa1254,nepa1254,27.7114,85.3087,npl,17,262,0,,
bote,language,0,0,Bote,боте,,,,,pahari,bmj,bote1238,,,,27.9208,83.5082,npl,17,282,0,,
danuwar,language,0,0,Danuwar,данувар,,,,,pahari,dhw,koch1253,,,,26.9661,86.3223,npl,17,291,0,,
darai,language,0,0,Darai,дараи,,,Darai Kura,дараи кура,pahari,dry,dara1250,dar,dara1250,,27.9264,84.331,npl,17,299,0,,
kumal,language,0,0,Kumal,кумал,,,,,pahari,kra,kumh1238,,,,27.788,84.548,npl,17,305,0,,
tharu,language,0,0,Tharu,тхару,,,,,pahari,"thl, tkt, thr, the, thq, tkb, soi","dang1260, kath1250, rana1246, chit1274, koch1247, buks1238, sonh1238",,,,30.33,78.06,ind,17,310,1,,
maithili,language,0,0,Maithili,майтхили,,,,,bihari,mai,mait1250,mai,mait1250,mait1250,25.37,85.13,ind,17,322,1,,
bhojpuri,language,0,0,Bhojpuri,бходжпури,,,,,bihari,bho,bhoj1244,bho,bhoj1244,bhoj1244,28.1667,84.25,npl,17,335,1,,
magahi,language,0,0,Magahi,магахи,,,Magadhi,магадхи,bihari,mag,maga1260,mgh,maga1260,maga1260,25.6,85.1,ind,17,351,1,,
sadani_sadri,language,0,0,Sadani/Sadri,садани/садри,,,"Sadri, Jharkhand, Chhota Nagpuri, Gawari","садри, джаркханди, чота-нагпури, гавари",bihari,"sck, sdr","sadr1248, orao1237",,,,23.66,85.1,ind,17,367,1,,
assamese,language,0,0,Assamese,ассамский,,,Ohomia,охомия,east_indo_aryan,asm,assa1263,ass,,assa1263,26.15,91.77,ind,17,380,1,,
bengali,language,0,0,Bengali,бенгальский,,,,бенгали,east_indo_aryan,ben,beng1280,ben,,beng1280,24.3666,88.6,bgd,17,396,1,,
rajbanshi_kamta,language,0,0,Rajbanshi/Kamta (in India and Bangladesh),раджбанши/камта (в Индии и Бангладеш),,,"Kampta, Kamtapuri, Raunpuri, Dekri, Dekia, Bahe","камта, камптапури, рангпури, декри, бахе",east_indo_aryan,rkt,rang1265,,,,23.2167,72.6833,ind,17,429,1,,
rajbanshi_nepal,language,0,0,Rajbanshi (Nepal),раджбанши (Непал),,,"Koch, Tajpuri, Handi","коче, таджпурия, ханди",east_indo_aryan,rjs,rajb1243,,,rajb1243,26.521945,88.038582,npl,17,439,1,,
oriya,language,0,0,Oriya,ория,,,"Odri, Utkali","одри, уткали",east_indo_aryan,ory,oriy1255,oya,oriy1255,oriy1255,20.27,85.84,ind,17,446,1,,
punjabi,language,0,0,Punjabi,панджаби,,,,"панджабский, пенджаби, пенджабский",north_indo_aryan,"pan, pnb","panj1256, west2386",pan,"panj1256, west2386",panj1256,31.5497,74.3436,pak,17,456,1,,
pothohari,language,0,0,Pot(h)ohari,потхорари,,,"Potwari, Pahari-Potwari","потвари, пахари-потвари",north_indo_aryan,phr,paha1251,,,,31,72,pak,17,516,1,,
hindko,language,0,0,Hindko,хиндко,,,,,north_indo_aryan,"hnd, hno","sout2668, nort2662",,,,34,71.32,pak,17,527,1,,
sindhi,language,0,0,Sindhi,синдхи,,,,,north_indo_aryan,"snd, lss, sbn","sind1272, lasi1242, sind1270",sdh,,sind1272,24.86,67.01,pak,17,537,1,,
parya,language,0,0,Parya,парья,,,"Parya-Sazi, Zaboni Lagmani, Zaboni Nosfurush","парья-сази, забон-и лагмани, забон-и нос-фуруш",indo_aryan,paq,pary1242,,,,38.5094,68.0932,uzb,17,559,1,,
gujarati,language,0,0,Gujarati,гуджарати,,,,,south_indo_aryan,guj,guja1252,guj,,guja1252,23.22,72.68,ind,17,565,1,,
saurashtra,language,0,0,Saurashtra,саураштра,,,"Sawrashtra, Sourashtra","савраштра, соураштра",south_indo_aryan,saz,saur1248,,,saur1248,13.09,80.27,ind,17,584,1,,
marathi,language,0,0,Marathi,маратхи,,,,маратхский,south_indo_aryan,mar,mara1378,mhi,mara1378,mara1378,18.97,72.82,ind,17,596,1,,
konkani,language,0,0,Konkani,конкани,,,"Konkni, Canarim","конкни, канарим",south_indo_aryan,knn,goan1235,kkn,,,28.6139,77.2089,ind,17,616,1,,
sinhala,language,0,0,Sinhala,сингальский,,,Sinhalese,сингалезский,insu_indo_aryan,sin,sinh1246,snh,,sinh1246,6.9,79.9164,lka,17,638,1,,
maldivian_dhivehi,language,0,0,Maldivian/Dhivehi,мальдивский/дивехи,,,"Dhivehi, Divehi",дивехи,insu_indo_aryan,div,dhiv1236,dhi,,dhiv1236,4.1753,73.5089,mdv,17,662,1,,
romani,language,0,0,Romani,цыганский,Romani (Romani dialects of Europe),Цыганский язык (цыганские диалекты Европы),Gypsy language,,indo_aryan,rom,roma1329,"rav, rbu, rbg, rka, rlo, rnr, rse, rwe",,,41.01746,28.94053,tur,17,680,1,,Для точки на карте взяты координаты района Фатих в Стамбуле как координаты Константинополя
domari,language,0,0,Domari,домари,,,"Dom, Domi","дом, доми",indo_aryan,rmt,doma1258,dom,,doma1258,32.2128,35.2908,isr,17,775,1,,
lomavren,language,0,0,Lomavren,ломаврен,,,"language of Armenian Gypsies, dialect of Gypsies of Armenia","язык армянских цыган, диалект цыган армении",indo_aryan,rmi,loma1235,,,,40.1833,44.5167,arm,17,811,1,,
hittite,language,1,0,Hittite,хеттский,,,"Nesite, Neshite","неситский, несийский",anatol,oht,hitt1242,,,,40.0197,34.6152,tur,20,26,1,,
lydian,language,1,0,Lydian,лидийский,,,,,anatol,xld,lydi1241,,,,40,30,tur,20,75,1,,
palaic,language,1,0,Palaic,палайский,,,,,anatol,plq,pala1331,,,,39,35,tur,20,97,1,,
luwian,language,1,0,Luwian,лувийский,,,"Luvian, Luish","¤зык хеттских иероглифов, иероглифический хеттский",anatol,"xlu, hlu","cune1239, hier1240",,hier1240,,40.0197,34.6153,tur,20,106,1,,
lycian,language,1,0,Lycian,ликийский,,,,ликийский а,anatol,xlc,lyci1241,,,,36.517,29.764,tur,20,131,1,,
milyan,language,1,0,Milyan,милийский,,,,,anatol,imy,mily1238,,,,36.356111,29.318611,tur,20,154,1,,
phrygian,language,1,0,Phrygian,фригийский,,,,,indo_euro,xpg,phry1239,,,,39.613,31.28,tur,20,180,1,,
classical_armenian,language,1,0,Classical Armenian,древнеармянский,,,,,armen,xcl,clas1249,,clas1249,,39.2836,43.3719,tur,20,221,1,,
standard_eastern_armenian,language,0,0,Standard Eastern Armenian,восточноармянский литературный,,,,,armen,hye,nucl1235,arz,nucl1235,nucl1235,40,45,arm,20,242,1,,
standard_western_armenian,language,0,0,Standard Western Armenian,западноармянский литературный,,,,"турецкоармянский язык, новоармянский, ашхарабар",armen,hyw,homs1234,arw,,,40.1897,44.4839,arm,20,291,1,,
tocharian_a,language,1,0,Tocharian A,тохарский А,,,,,tochar,xto,tokh1242,,,,39,83,chn,20,398,1,,
tocharian_b,language,1,0,Tocharian B,тохарский В,,,,,tochar,txb,tokh1243,,,,41.65,82.9,chn,20,444,1,,
andronovo_aryan,language,1,0,Andronovo Aryan,андроновский арийский,,,,,indo_aryan,,,,,,55.56153,90.01418,rus,20,217,1,,
galatian,language,1,0,Galatian,галатский,,,,,celt,xga,gala1252,,,,39.97122,32.87817,tur,20,196,1,,
mitanni_indo_aryan,language,1,0,Mitanni Indo-Aryan,митаннийский индоарийский,,,,,indo_aryan,,,,,,36.84683,40.12033,tur,20,198,1,,
tsakhur,language,0,0,Tsakhur,цахурский,,,"Tsaxur, Caxur",,lezg,tkr,tsak1249,tsa,,,41.6523,46.9775,rus,9,420,1,,
archi,language,0,0,Archi,арчинский,,,ARCHIB,арчибский,lezg,aqc,arch1244,arc,arch1244,arch1244,41.9839,46.8127,rus,9,428,1,,
kryz,language,0,0,Kryz,крызский,,,Kryc,крыцский,lezg,kry,kryt1240,krz,kryt1240,,41.1455,48.164,aze,9,437,1,,
budukh,language,0,0,Budukh,будухский,,,Budugh,будугский,lezg,bdk,budu1248,bdk,budu1248,,41.1207,48.3233,aze,9,445,1,,
udi,language,0,0,Udi,удинский,,,,удийский,lezg,udi,udii1243,udi,udii1243,,41.8818,46.9171,rus,9,453,1,,
agvan,language,1,0,Agvan,агванский,,,,кавказско-албанский,lezg,xag,aghw1237,,aghw1237,,40.37,47.13,aze,9,459,1,,
khinalug,language,0,0,Khinalug,хиналугский,,,"Khinalig, Khinalugi, Xinalug(h), Xinaliq, Khinalugh",кештский,north_east_cauc,kjj,khin1240,khi,khin1240,,41.1777,48.1297,aze,9,460,1,,
bamana,language,0,0,Bamana,бамана,,,,,manding_east,bam,bamb1269,bam,bamb1269,bamb1269,12.9,-7.65,mli,21,46,1,,
kpelle,language,0,0,Kpelle,кпелле,,,,,south_west_mande,kpe,kpel1252,kpe,,,7.75,-8.8167,gin,21,284,1,,
looma,language,0,0,Looma,лоома,,,,,south_west_mande,lom,loma1260,lma,loma1260,loma1260,7.92,-10.8,lbr,21,343,1,,
dan,language,0,0,Dan,дан,,,,,south_mande,dnj,nucl1770,dan,,,7.27,-8.15,civ,21,469,1,,
kla_dan,language,0,0,Kla-Dan,кла-дан,,,,,south_mande,lda,klad1234,,,,6.85,-5.3,civ,21,617,1,,
guro,language,0,0,Guro,гуро,,,,,south_mande,goa,guro1248,gro,guro1248,guro1248,7,-6.5,civ,21,765,1,,
lappish,language,0,0,Lappish,саамский,,,"Lopar, Lappish",лопарский,sami,,,,,,68.9099,22.9394,nor,,,0,,
hill_mari,language,0,0,Hill Mari,горномарийский,,,"Cheremis, Western Mari",черемисский,mari,mrj,west2392,mah,west2392,west2392,56.3333,46.5666,rus,,,0,,
mator,language,1,0,Mator,маторский,,,"Motor, Mador, Taigi, Taigin, Caragass, Sayan Highlanders language, Soyot (wrong)","моторский, мадорский, тайгийский, тайгинский, карагасский, саянских горцев язык, сойотский (непр.)",south_samo,mtm,mato1250,,,,54.5666,100.5666,rus,,,0,,
chukchi,language,0,0,Chukchi,чукотский,,,"Luorawetlan, Chukot, Chuuk",луораветланский,north_chuk_kamch,ckt,chuk1273,chk,chuk1273,chuk1273,67.6248,176.1767,rus,4,23,1,,
koryak,language,0,0,Koryak,корякский,,,,"коряцкий, нымыханский",north_chuk_kamch,kpy,kory1246,kry,,kory1246,61.8561,168.6621,rus,4,39,1,,
kerek,language,1,0,Kerek,керекский,,,,,north_chuk_kamch,krk,kere1280,krq,,,62.5996,176.9183,rus,4,53,1,,
itelmen,language,0,0,Itelmen,ительменский,,,Kamchadal,камчадальский,south_chuk_kamch,itl,itel1242,ite,,itel1242,57.1496,156.9012,rus,4,60,1,,
asiatic_eskimo,language,0,0,Asiatic Eskimo,азиатских эскимосов,,,"Yuitic, Siberian Escimo, Siberian Yupik","юитский, сибирских эскимосов, сибирский юпик",yupik,ess,cent2128,yus,,cent2128,64.546,-173.128,rus,4,75,1,,
sirenik_eskimo,language,1,0,Sirenik Eskimo,сиреникских эскимосов,,,"Vuteen, Sirenik Eskimo, Sireniki Yupik, Old Sirenik, Sirenik, Sirenikskiy","вутээн, сиреникский",eskimo,ysr,sire1246,ysi,,,64.4194,-173.9657,rus,4,81,0,,
bering_strait_eskimo,language,0,0,Bering Strait Eskimo,эскимосов Берингова пролива,,,,,inuit,,,,,,63.7444,-171.7242,usa,4,84,0,,
greenlandic,language,0,0,Greenlandic,гренландский,,,,эскимосов гренландии,inuit,kal,kala1399,gso,kala1399,kala1399,64.1666,-51.75,dnk,4,93,0,,
aleut,language,0,0,Aleut,алеутский,,,,,aleut,ale,aleu1260,ale,aleu1260,aleu1260,52.2304,-174.1978,usa,4,101,0,,
copper_island_aleut,language,0,0,Copper Island Aleut,медновских алеутов,,,"Copper Island Creole, Copper Island Aleut","алеутский, медновский язык, медновский диал. алеутского языка, язык алеутов острова медный",aleut,mud,medn1235,,,,55.171,166.094,rus,4,117,0,,
yukaghir,language,0,0,Yukaghir,юкагирский,,,Jukagir,"одульский, юкагиро-чуванский",yukag,"ykg, yux",yuka1259,"yko, ytu",,yuka1259,69.1654,15.4732,rus,4,155,0,,
old_novgorod,dialect,1,0,Old Novgorod,древненовгородский,,,,,east_slav,,novg1240,,,,58.52131,31.27104,rus,13,469,1,,
kurdari,language/dialect,0,0,Kurdari,курдари,,,,,dard,,kurd1258,,,,34.98481,70.62849,afg,8,81,1,,
ningalami,language,0,0,Ningalami,нингалами,,,,,dard,,nang1256,,,,34.978375,70.90901,afg,8,86,1,,
sawi,language/dialect,0,0,Sawi,сави,,,,,dard,sdg,savi1242,sav,,,35.166757,71.461926,afg,8,50,1,,
alanic,language,1,0,Alanic,аланский,,,,,north_east_iran,xln,,,,,43.1778,44.81126,rus,7,105,1,,
scythian,language,1,0,Scythian,скифский,,,,,north_east_iran,xsc,,,,,44.94169,34.1194,irn,7,107,1,,
wanji,language,1,0,Wanji,ванджский,,,,,south_east_iran,,,,,,38.38014,71.47309,tjk,7,107,1,,
waneci,language/dialect,0,0,Waneci,ванеци,,,,,south_east_iran,wne,wane1241,,,wane1241,30.0501,67.8327,pak,7,150,1,,
sargulami,language,1,0,Sargulami,саргулямский,,,,,south_east_iran,,,,,,37.00322,70.87064,afg,7,58,1,,
khunsari,dialect,0,0,Khunsari,хунсари,,,,,north_west_iran,,khun1261,,,,33.36292,50.31487,irn,6,222,1,,
median,language,1,0,Median,мидийский,,,,,north_west_iran,xme,,,,,34.80002,48.51539,irn,6,13,1,,
sivandi,language/dialect,0,0,Sivandi,сивенди,,,,,north_west_iran,siy,siva1239,,,,30.08,52.92,irn,6,236,1,,
tajrishi,language/dialect,0,0,Tajrishi,таджриши,,,,,north_west_iran,,,,,,35.79589,51.43157,irn,6,246,1,,
vonishuni,dialect,0,0,Vonishuni,вонишуни,,,,,north_west_iran,,,,,,33.98824,51.41069,irn,6,226,1,,
zefrei,dialect,0,0,Zefrei,зефреи,,,,,north_west_iran,,zefr1234,,,,32.80592,52.11667,irn,6,229,1,,
carian,language,1,0,Carian,карийский,,,,,anatol,xcr,cari1274,,,,37.203,28.182,tur,20,166,1,,
pisidian,language,1,0,Pisidian,писидийский,,,,,anatol,xps,pisi1234,,,,37.273,31.28,tur,20,177,1,,
sidetic,language,1,0,Sidetic,сидетский,,,,,anatol,xsd,side1240,,,,36.764,31.917,tur,20,175,1,,
